{"inception_score": 1.6345996856689453, "fid": 236.49595836615958, "neg_lpips": -0.13274799287319183}