{"inception_score": 1.634652853012085, "fid": 236.6881047475234, "neg_lpips": -0.13267721235752106}